"id","name","sex","religion","occupation","social_status","allegiance_last","allegiance_switched","dth_flag","dth_season","dth_time_hrs","censor_time_hrs","dth_description"
100,"Waymar Royce","male","unknown","boiled leather collar","lowborn","Nights Watch","no",1,1,0.1,0.1,"Killed by a white walker in a forest"
101,"Gared Tuttle","male","unknown","boiled leather collar","lowborn","Nights Watch","no",1,1,0.11,0.11,"Decapitation by a white walker in a forest"
102,"Will","male","unknown","boiled leather collar","lowborn","Nights Watch","no",1,1,0.19,0.19,"Decapitation by Ned Stark (legal execution) in a field"
103,"Irri","female","Great Stallion","boiled leather collar","lowborn","Targaryen","yes",1,2,13.51,13.51,"Strangled to death with a tassel by Doreah in a room in a castle in Qarth"
104,"Jon Snow","male","Old Gods","boiled leather collar","highborn","Nights Watch","yes",0,99999,99999,64.11,""
105,"Bran Stark","male","Old Gods","silk collar","highborn","Stark","no",0,99999,99999,64.11,""
106,"Robb Stark","male","Faith of the Seven","silk collar","highborn","Stark","no",1,3,24.47,24.47,"Shot by arrows and stabbed in the abdomen in the wedding hall at The Twins"
107,"Rodrik Cassel","male","unknown","boiled leather collar","lowborn","Stark","no",1,2,12.83,12.83,"Decapitated by Theon Greyjoy in Winterfell castle grounds"
108,"Rickon Stark","male","Old Gods","unknown","highborn","Stark","no",1,6,49.28,49.28,"Shot with an arrow through the thorax by Ramsay Bolton in field near Winterfell"
109,"Eddard Stark","male","Old Gods","silk collar","highborn","other","no",1,1,7.8,7.8,"Decapitated by Ilyn Payne on the steps of the Great Sept of Baelor"
110,"Catelyn Stark","female","Faith of the Seven","silk collar","highborn","Stark","no",1,3,24.47,24.47,"Throat slit by Walder Frey in the wedding hall at The Twins"
111,"Mordane ","female","Faith of the Seven","silk collar","lowborn","other","no",1,1,7.77,7.77,"Decapitated by The Lannisters at King's Landing"
112,"Sansa Stark","female","Old Gods","silk collar","highborn","Stark","yes",0,99999,99999,64.11,""
113,"Arya Stark","female","Many Face God","boiled leather collar","highborn","Stark","yes",0,99999,99999,64.11,""
114,"Jory Cassel","male","unknown","boiled leather collar","lowborn","Stark","no",1,1,4.33,4.33,"Stabbed in the eye by Jamie Lannister in the streets of King's Landing"
115,"Theon Greyjoy","male","Drowned God","silk collar","highborn","Stark","yes",1,8,60.28,60.28,"Impaled with a broken spear by the Night King, while defending Bran Stark, during the Battle of Winterfell"
116,"Cersei Lannister","female","unknown","silk collar","highborn","Lannister","no",1,8,62.8,62.8,"Crushed by debris within the Red Keep, alongside Jaime Lannister, during the Battle of King's Landing"
117,"Jaime Lannister","male","unknown","boiled leather collar","highborn","Lannister","yes",1,8,62.8,62.8,"Crushed by debris within the Red Keep, alongside Cersei Lannister, during the Battle of King's Landing"
118,"Luwin","male","unknown","silk collar","lowborn","Stark","no",1,2,16.65,16.65,"Stabbed (euthanised) by Osha in the forst near Winterfell"
119,"Joffrey Baratheon","male","Faith of the Seven","silk collar","highborn","other","no",1,4,27.11,27.11,"Poisoned with the Strangler at his wedding feast by Olenna Tyrell in King's Landing"
120,"Sandor Clegane","male","unknown","boiled leather collar","lowborn","other","yes",1,8,62.69,62.69,"Threw himself into a fiery chasm, in order to kill his brother, Gregor Clegane, during the Battle of King's Landing"
121,"Hodor","male","unknown","boiled leather collar","lowborn","Stark","no",1,6,46.33,46.33,"Ravaged by wights at the door to the cave of the Three-Eyed Raven beyond The Wall"
122,"Robert Baratheon","male","Faith of the Seven","silk collar","highborn","other","no",1,1,6.05,6.05,"Mortally wounded by a wild boar after drinking poisoned wine given to him by Lancel Lannister"
123,"Myrcella Baratheon","female","Faith of the Seven","silk collar","highborn","other","no",1,5,41.75,41.75,"Poisoned with the Long Farewell after being kissed by Ellaria Sand inside a cabin on a ship leaving Dorne"
124,"Tommen Baratheon","male","Faith of the Seven","silk collar","highborn","other","no",1,6,50.01,50.01,"Committed suicide by jumping from a window in the Red Keep in King's Landing"
125,"Tyrion Lannister","male","Faith of the Seven","silk collar","highborn","Stark","yes",0,99999,99999,64.11,""
126,"Ros","female","unknown","boiled leather collar","lowborn","other","yes",1,3,21.91,21.91,"Shot multiple times by Joffrey with a crossbow in a bedroom in King's landing"
127,"Daenerys Targaryen","female","unknown","silk collar","highborn","Targaryen","no",1,8,62.86,62.86,"Stabbed in the heart with a dagger by Jon Snow following the Battle of King's Landing"
128,"Viserys Targaryen","male","Faith of the Seven","silk collar","highborn","Targaryen","no",1,1,5.16,5.16,"Melted metal poured onto head by Khal Drogo inside a Dothraki tent"
129,"Illyrio Mopatis","male","unknown","boiled leather collar","highborn","unknown","yes",0,99999,99999,64.11,""
130,"Qotho","male","Great Stallion","boiled leather collar","lowborn","other","no",1,1,7.45,7.45,"Slashed in the face by Jorah Mormont"
131,"Khal Drogo","male","Great Stallion","boiled leather collar","lowborn","other","no",1,1,8.32,8.32,"Suffocated by Daenerys Targaryen inside his own tent near Lhazar"
132,"Mago","male","Great Stallion","boiled leather collar","lowborn","other","no",1,1,6.52,6.52,"Throat slashed and tongue ripped out by Khal Drogo near Lhazar"
133,"Benjen Stark","male","Old Gods","boiled leather collar","highborn","Nights Watch","no",1,7,55.97,55.97,"Overwhelmed fighting wights next to an ice lake in the mountains beyond The Wall"
134,"Jorah Mormont","male","Old Gods","boiled leather collar","highborn","Targaryen","yes",1,8,60.35,60.35,"Stabbed multiple times by wights, while defending Daenerys Targaryen, during the Battle of Winterfell"
135,"Doreah","female","unknown","boiled leather collar","lowborn","other","yes",1,2,16.88,16.88,"Locked inside Xaro's vault to die"
136,"Rast","male","unknown","boiled leather collar","lowborn","Nights Watch","no",1,4,29.61,29.61,"Mauled by a direwolf in the forest near Craster's Keep"
137,"Catspaw Assassin","male","unknown","boiled leather collar","lowborn","other","no",1,1,1.42,1.42,"Mauled by a direwolf (throat ripped open) in a bedroom at Winterfell"
138,"Ilyn Payne","male","unknown","boiled leather collar","lowborn","Lannister","no",0,99999,99999,64.11,""
139,"Mycah","male","unknown","boiled leather collar","lowborn","unknown","no",1,1,1.76,1.76,"Killed by Sandor Clegane at the Cross Roads"
140,"Royal Steward","male","unknown","boiled leather collar","lowborn","other","no",0,99999,99999,64.11,""
141,"Petyr Baelish","male","unknown","silk collar","highborn","Stark","yes",1,7,57.06,57.06,"Throat slit by Arya Stark with the Valyrian steel dagger inside Winterfell"
142,"Renly Baratheon ","male","Faith of the Seven","silk collar","highborn","other","no",1,2,11.9,11.9,"Stabbed in the chest by a demon birthed by Melisandre in a tent in a field near the Stormlands"
143,"Varys","male","unknown","silk collar","highborn","Stark","yes",1,8,61.79,61.79,"Burned alive by Drogon, on the orders of Daenerys Targaryen, for treason"
144,"Pycelle","male","unknown","silk collar","lowborn","Lannister","no",1,6,49.84,49.84,"Stabbed repeatedly by Qyburn's ""little birds"" in a room at King's Landing"
145,"Old Nan","female","unknown","boiled leather collar","lowborn","Stark","no",1,1,3.53,3.53,"Presumed to have passed away peacefully from old age in her bed at Winterfell"
146,"Jeor Mormont","male","Old Gods","boiled leather collar","lowborn","Nights Watch","no",1,3,20.08,20.08,"Stabbed in the back by Rast, then stabbed repeatedly in the chest at Craster's Keep"
147,"Grenn","male","unknown","boiled leather collar","lowborn","Nights Watch","no",1,4,32.72,32.72,"Killed by wildling giant in Castle Black tunnel"
148,"Alliser Thorne","male","unknown","boiled leather collar","lowborn","Nights Watch","no",1,6,44.56,44.56,"Executed by hanging by Jon Snow for treason at Castle Black"
149,"Pypar","male","unknown","boiled leather collar","lowborn","Nights Watch","no",1,4,32.43,32.43,"Shot through the neck with an arrow by Ygritte at Castle Black"
150,"Lancel Lannister","male","Faith of the Seven","boiled leather collar","highborn","other","yes",1,6,49.91,49.91,"Stabbed in the back by Arthur, then incinerated by wildfire explosion in King's Landing's sewage system"
151,"Barristan Selmy ","male","unknown","boiled leather collar","highborn","Targaryen","yes",1,5,37.05,37.05,"Stabbed repeately in the thorax and lower extremities by the Sons of the Harpy in the city streets of Meereen"
152,"Rakharo","male","Great Stallion","boiled leather collar","lowborn","Targaryen","yes",1,2,9.67,9.67,"Decaptiated by unknown rival khalasar in the desert"
153,"Yoren","male","unknown","boiled leather collar","lowborn","Nights Watch","no",1,2,11.05,11.05,"Stabbed in the thoracic inlet by Armory Lorch and other men in a field near Harrenhal"
154,"Aemon","male","Old Gods","silk collar","highborn","Nights Watch","no",1,5,38.85,38.85,"Died peacefully in his bed from old age in his bedroom at Castle Black"
155,"Syrio Forel","male","Many Face God","boiled leather collar","lowborn","Stark","no",1,1,6.2,6.2,"Killed by Meryn Trant in a sword fight at his residence in King's Landing"
156,"Samwell Tarly","male","Old Gods","silk collar","highborn","Stark","yes",0,99999,99999,64.11,""
157,"Janos Slynt","male","unknown","boiled leather collar","lowborn","Nights Watch","yes",1,5,36.01,36.01,"Beheaded with Longclaw for insubordination by Jon Snow at Castle Black"
158,"Hugh","male","unknown","boiled leather collar","lowborn","other","no",1,1,3.42,3.42,"Killed by a splintered lance through the neck while jousting with Gregor Clegane in King's Landing"
159,"Tobho Mott","male","unknown","boiled leather collar","lowborn","unknown","no",0,99999,99999,64.11,""
160,"Gendry Baratheon","male","unknown","boiled leather collar","highborn","Stark","yes",0,99999,99999,64.11,""
161,"Gregor Clegane","male","unknown","boiled leather collar","lowborn","Lannister","no",1,8,62.69,62.69,"Thrown into a fiery chasm by his brother, Sandor Clegane, during the Battle of King's Landing"
162,"Marillion","male","unknown","boiled leather collar","lowborn","unknown","no",0,99999,99999,64.11,""
163,"Bronn","male","unknown","boiled leather collar","highborn","Stark","yes",0,99999,99999,64.11,""
164,"Loras Tyrell","male","Faith of the Seven","boiled leather collar","highborn","other","yes",1,6,49.91,49.91,"Burned alive in a wildfire explosion in the Great Sept of Baelor"
165,"Vardis Egen","male","unknown","boiled leather collar","lowborn","other","no",1,1,4.99,4.99,"Stabbed in the thoracic inlet (and thrown down the Moon Door) by Bronn during Tyrion's (first) trial by combat at the Eyrie"
166,"Robin Arryn","male","unknown","silk collar","highborn","Stark","no",0,99999,99999,64.11,""
167,"Lysa Arryn","female","unknown","silk collar","highborn","other","yes",1,4,31.19,31.19,"Fell to her death after being pushed out the Moon Door at the Eyrie by Petyr Baelish"
168,"Mord","male","unknown","boiled leather collar","lowborn","other","no",0,99999,99999,64.11,""
169,"Barra","female","unknown","unknown","lowborn","unknown","no",1,2,9.38,9.38,"Murdered by Janos Slynt with a knife inside brothel at King's Landing"
170,"Mhaegen","female","unknown","boiled leather collar","lowborn","other","no",0,99999,99999,64.11,""
171,"Osha","female","Old Gods","boiled leather collar","lowborn","Stark","yes",1,6,45.3,45.3,"Stabbed in the neck by Ramsay Bolton at Winterfell"
172,"Beric Dondarrion","male","Lord of Light","boiled leather collar","highborn","other","yes",1,8,59.93,59.93,"Stabbed multiple times by wights, while protecting Arya Stark, during the Battle of Winterfell"
173,"Tywin Lannister","male","Faith of the Seven","silk collar","highborn","Lannister","no",1,4,33.68,33.68,"Shot in the stomach and heart by Tyrion Lannister with a crossbow whilst on latrine in his residence at King's Landing"
174,"Armeca","female","unknown","boiled leather collar","lowborn","other","no",0,99999,99999,64.11,""
175,"Wineseller Assassin","male","unknown","boiled leather collar","lowborn","other","no",1,1,6.05,6.05,"Died from exhaustion from being tied and dragged naked by a horse on the road to Lhazar"
176,"Luke ","male","unknown","boiled leather collar","lowborn","Nights Watch","no",0,99999,99999,64.11,""
177,"Dareon ","male","unknown","boiled leather collar","lowborn","Nights Watch","no",0,99999,99999,64.11,""
178,"Mandon Moore","male","unknown","boiled leather collar","lowborn","Lannister","no",1,2,15.94,15.94,"Stabbed in the back of the head with a lance by Podrick Payne at the shore of Blackwater Bay"
179,"Boros Blount","male","unknown","boiled leather collar","lowborn","Lannister","no",1,8,62.54,62.54,"Killed by Sandor Clegane during the Battle of King's Landing"
180,"Todder","male","unknown","boiled leather collar","lowborn","Nights Watch","no",0,99999,99999,64.11,""
181,"Meryn Trant","male","Faith of the Seven","boiled leather collar","lowborn","Lannister","no",1,5,41.64,41.64,"Stabbed in the skull and in the chest repeatedly, then throat slit by Arya Stark inside a brothel in Braavos"
182,"Stable boy","male","unknown","boiled leather collar","lowborn","unknown","no",1,1,6.13,6.13,"Stabbed in stomach by Ayra Stark with needle at the stables at King's Landing"
183,"Shagga","male","unknown","boiled leather collar","lowborn","other","no",0,99999,99999,64.11,""
184,"Mirri Maz Duur","female","Other","silk collar","lowborn","unknown","no",1,1,8.56,8.56,"Burned to death by Daenerys Targaryen in a field in the wastelands near Lhazar"
185,"Greatjon Umber","male","Old Gods","silk collar","highborn","Stark","no",1,6,44.57,44.57,"Died during the War of the Five Kings"
186,"Timett","male","unknown","boiled leather collar","lowborn","other","yes",0,99999,99999,64.11,""
187,"Kevan Lannister","male","unknown","boiled leather collar","highborn","Lannister","no",1,6,49.91,49.91,"Burned alive in a wildfire explosion in the Great Sept of Baelor"
188,"Chella ","female","unknown","boiled leather collar","lowborn","other","yes",0,99999,99999,64.11,""
189,"Stevron Frey","male","unknown","boiled leather collar","highborn","Frey","no",1,7,50.72,50.72,"Poisoned by Arya Stark at The Twins"
190,"Joyeuse Erenford","female","unknown","unknown","highborn","Frey","no",1,3,24.47,24.47,"Throat slit by Catelyn Stark in the wedding hall at The Twins"
191,"Walder Frey","male","Faith of the Seven","silk collar","highborn","Frey","no",1,6,50.41,50.41,"Throat slit with a knife by Arya Stark at The Twins"
192,"Ryger Rivers","male","unknown","boiled leather collar","lowborn","Frey","no",1,7,50.72,50.72,"Poisoned by Arya Stark at The Twins"
193,"Arwaya Frey","female","unknown","unknown","highborn","Frey","no",0,99999,99999,64.11,""
194,"Shae","female","unknown","boiled leather collar","lowborn","Lannister","no",1,4,33.62,33.62,"Strangled to death with gold chains by Tyrion Lannister in a bedroom in King's Landing"
195,"High Septon 1","male","Faith of the Seven","silk collar","lowborn","other","no",1,2,13.1,13.1,"Torn apart by an angry mob in the streets of King's Landing"
196,"Rickard Karstark","male","unknown","silk collar","highborn","Stark","no",1,3,20.66,20.66,"Decapitated by Robb Stark at Riverrun castle grounds"
197,"Rorge","male","unknown","boiled leather collar","lowborn","Lannister","no",1,4,30.55,30.55,"Stabbed through the heart by Arya Stark in a field"
198,"Lommy Greenhands","male","unknown","boiled leather collar","lowborn","unknown","no",1,2,11.09,11.09,"Stabbed in the neck by Arya Stark in a field near Harrenhal"
199,"Hot Pie","male","unknown","boiled leather collar","lowborn","unknown","no",0,99999,99999,64.11,""
200,"Jaqen H'ghar","male","Many Face God","boiled leather collar","lowborn","other","no",0,99999,99999,64.11,""
201,"Dontos Hollard","male","unknown","boiled leather collar","lowborn","other","yes",1,4,27.17,27.17,"Shot with arrow in the head by crossbowmen on the orders of Petyr Baelish in a rowboat outside King's Landing"
202,"Aggo 1","male","Great Stallion","boiled leather collar","highborn","Targaryen","no",0,99999,99999,64.11,""
203,"Kovarro","male","Great Stallion","boiled leather collar","lowborn","Targaryen","no",0,99999,99999,64.11,""
204,"Eddison Tollett","male","unknown","boiled leather collar","lowborn","Nights Watch","no",1,8,59.39,59.39,"Stabbed to death by wights during the Battle of Winterfell"
205,"Craster","male","Other","boiled leather collar","lowborn","other","no",1,3,20.06,20.06,"Stabbed in the larynx by Karl Tanner inside Craster's Keep"
206,"Gilly","female","unknown","unknown","lowborn","other","yes",0,99999,99999,64.11,""
207,"Cressen","male","Faith of the Seven","silk collar","lowborn","other","no",1,2,9.08,9.08,"Poisoned by himself with The Strangler trying to kill Melisandre in the War Room at Dragonstone"
208,"Melisandre","female","Lord of Light","silk collar","lowborn","other","yes",1,8,60.39,60.39,"Succumbed to old age after removing her enchanted necklace following the Battle of Winterfell"
209,"Matthos Seaworth","male","Lord of Light","boiled leather collar","lowborn","other","no",1,2,15.53,15.53,"Killed by wildfire explosion at Blackwater Bay"
210,"Davos Seaworth","male","Other","boiled leather collar","lowborn","Stark","yes",0,99999,99999,64.11,""
211,"Selyse Baratheon","female","Lord of Light","silk collar","highborn","other","no",1,5,41.33,41.33,"Committed suicide by hanging herself from a tree in the forest near Winterfell"
212,"Stannis Baratheon","male","Lord of Light","silk collar","highborn","other","no",1,5,41.53,41.53,"Beheaded by Brienne of Tarth in the forest near Winterfell"
213,"Alton Lannister","male","unknown","boiled leather collar","highborn","Lannister","no",1,2,14.12,14.12,"Bludgeoned to death (head) by Jamie Lannister at a campsite in the Westerlands"
214,"Marei","female","unknown","boiled leather collar","lowborn","other","no",0,99999,99999,64.11,""
215,"Daisy","female","unknown","boiled leather collar","lowborn","other","no",0,99999,99999,64.11,""
216,"Podrick Payne","male","unknown","boiled leather collar","lowborn","Stark","yes",0,99999,99999,64.11,""
217,"Yara Greyjoy","female","Drowned God","boiled leather collar","highborn","Greyjoy","yes",0,99999,99999,64.11,""
218,"Balon Greyjoy","male","Drowned God","silk collar","highborn","Greyjoy","no",1,6,43.62,43.62,"Thrown from a suspension bridge at Pyke by his brother Euron Greyjoy"
219,"Salladhor Saan","male","unknown","boiled leather collar","lowborn","other","no",0,99999,99999,64.11,""
220,"Brienne of Tarth","female","Faith of the Seven","boiled leather collar","highborn","Stark","yes",0,99999,99999,64.11,""
221,"Margaery Tyrell","female","Faith of the Seven","silk collar","highborn","other","no",1,6,49.91,49.91,"Burned alive in a wildfire explosion in the Great Sept of Baelor"
222,"Polliver","male","unknown","boiled leather collar","lowborn","Lannister","no",1,4,26.31,26.31,"Stabbed in the throat by Arya Stark inside a tavern"
223,"Amory Lorch","male","unknown","boiled leather collar","lowborn","Lannister","no",1,2,14.95,14.95,"Killed by dart tipped with poison (Wolfsbane) by Jaqen H'ghar at Harrenhal caste grounds"
224,"Rennick","male","unknown","boiled leather collar","lowborn","Lannister","no",1,2,11.13,11.13,"Mauled by a direwolf in a field near Oxcross"
225,"Roose Bolton","male","Old Gods","silk collar","highborn","Bolton","yes",1,6,43.43,43.43,"Stabbed in the chest by his son Ramsay Bolton at Winterfell"
226,"Talisa Maegyr","female","unknown","silk collar","lowborn","Stark","no",1,3,24.44,24.44,"Stabbed repeatedly in the stomach by Lothar Frey in the wedding hall at The Twins"
227,"Tickler","male","unknown","boiled leather collar","lowborn","other","no",1,2,12.68,12.68,"Thrown from a castle wall by Jaqen H'ghar at Harrenhal (broken neck)"
228,"Silk King","male","unknown","silk collar","lowborn","other","no",1,2,14.18,14.18,"Throat slit by Pyat Pree in the ruling council chamber in Qarth"
229,"Spice King","male","unknown","silk collar","lowborn","other","no",1,2,14.18,14.18,"Throat slit by Pyat Pree in the ruling council chamber in Qarth"
230,"Xaro Xhoan Daxos","male","unknown","silk collar","lowborn","other","no",1,2,16.88,16.88,"Locked inside his vault in Qarth and left to die with Doreah"
231,"Pyat Pree","male","unknown","silk collar","lowborn","other","no",1,2,16.78,16.78,"Burned alive by Daenerys Targaryen's dragons in the House of the Undying in Qarth"
232,"Lorren","male","Drowned God","boiled leather collar","lowborn","Greyjoy","no",1,2,16.92,16.92,"Flayed alive by Ramsay Snow"
233,"Dagmer Cleftjaw","male","Drowned God","boiled leather collar","lowborn","Greyjoy","no",1,2,16.92,16.92,"Flayed alive by Ramsay Snow"
234,"Reginald Lannister","male","Faith of the Seven","boiled leather collar","lowborn","other","no",0,99999,99999,64.11,""
235,"Hallyne","male","unknown","boiled leather collar","lowborn","Lannister","yes",0,99999,99999,64.11,""
236,"Malakho","male","Great Stallion","boiled leather collar","lowborn","Targaryen","yes",0,99999,99999,64.11,""
237,"Quaithe","female","unknown","boiled leather collar","lowborn","unknown","no",0,99999,99999,64.11,""
238,"Qhorin Halfhand","male","unknown","boiled leather collar","lowborn","Nights Watch","no",1,2,16.82,16.82,"Stabbed in the torso by Jon Snow in the mountains beyond The Wall"
239,"Farlen","male","unknown","boiled leather collar","lowborn","Stark","no",1,2,16.96,16.96,"Killed during the Sack of Winterfell"
240,"Palla","female","unknown","unknown","lowborn","Stark","no",1,2,16.96,16.96,"Killed during the Sack of Winterfell"
241,"Ygritte","female","unknown","boiled leather collar","lowborn","other","no",1,4,32.65,32.65,"Shot in the chest with an arrow by Olly at Castle Black"
242,"Quent","male","unknown","boiled leather collar","lowborn","Stark","no",1,3,24.44,24.44,"Presumed killed prior to or during the Red Wedding at The Twins"
243,"Drennan","male","Drowned God","boiled leather collar","lowborn","Greyjoy","no",1,2,15.13,15.13,"Throat slit by Osha at Winterfell castle grounds"
244,"Jacks","male","Old Gods","boiled leather collar","lowborn","Stark","no",1,3,24.44,24.44,"Presumed killed prior to or during the Red Wedding at The Twins"
245,"Torrhen Karstark","male","unknown","boiled leather collar","highborn","Stark","no",1,2,14.13,14.13,"Strangled to death by Jamie Lannister at a campsite near Oxcross"
246,"Bernadette","female","unknown","boiled leather collar","lowborn","Lannister","no",0,99999,99999,64.11,""
247,"Lord of Bones","male","unknown","boiled leather collar","lowborn","other","no",1,5,40.1,40.1,"Beaten to death with his own staff by Tormund at the shore of Hardhome"
248,"Aggar","male","Drowned God","boiled leather collar","highborn","Greyjoy","no",1,2,16.92,16.92,"Flayed alive by Ramsay Snow"
249,"Gelmarr","male","Drowned God","boiled leather collar","lowborn","Greyjoy","no",1,2,16.92,16.92,"Flayed alive by Ramsay Snow"
250,"Urzen","male","Drowned God","boiled leather collar","lowborn","Greyjoy","no",1,2,16.92,16.92,"Flayed alive by Ramsay Snow at Winterfell"
251,"Wex","male","Drowned God","boiled leather collar","lowborn","Greyjoy","no",1,2,16.95,16.95,"Flayed alive by Ramsay Snow at Winterfell"
252,"Stygg","male","Drowned God","boiled leather collar","lowborn","Greyjoy","no",1,2,16.95,16.95,"Flayed alive by Ramsay Snow"
253,"Tormund Giantsbane","male","unknown","boiled leather collar","lowborn","other","yes",0,99999,99999,64.11,""
254,"Mance Rayder","male","unknown","boiled leather collar","lowborn","other","no",1,5,34.53,34.53,"Shot with an arrow in chest by Jon Snow before being burned alive at Castle Black (mercy killing)"
255,"Qyburn","male","unknown","silk collar","highborn","Lannister","yes",1,8,62.54,62.54,"Head smashed on a rock by Gregor Clegane during the Battle of King's Landing"
256,"Missandei","female","unknown","boiled leather collar","lowborn","Targaryen","yes",1,8,61.6,61.6,"Decapitated by Gregor Clegane on the orders of Cersei Lannister"
257,"Kranzys mo Nakloz","male","unknown","silk collar","highborn","other","no",1,3,20.23,20.23,"Burnt to death by dragon at plaza at Astapor"
258,"Jojen Reed","male","Old Gods","unknown","highborn","Stark","no",1,4,33.31,33.31,"Stabbed multiple times by a wight and throat cut by his sister Meera Reed (mercy killing) outside the cave of the Three-Eyed Raven beyond The Wall"
259,"Master Torturer","male","unknown","boiled leather collar","lowborn","Bolton","no",1,3,19.36,19.36,"Shot with arrows in chest by Ramsay Snow in the forest near the Dreadfort"
260,"Orell","male","unknown","boiled leather collar","lowborn","other","no",1,3,24.1,24.1,"Stabbed by Jon Snow in the abdomen outside the old tower at Queenscrown"
261,"Meera Reed","female","Old Gods","unknown","highborn","Stark","no",0,99999,99999,64.11,""
262,"Thoros of Myr","male","Lord of Light","silk collar","lowborn","other","yes",1,6,55.64,55.64,"Mauled by a wight bear, then froze to death during the night next to frozen lake in the mountains beyond The Wall"
263,"Anguy","male","Lord of Light","boiled leather collar","lowborn","other","no",0,99999,99999,64.11,""
264,"Ramsay Bolton","male","Old Gods","silk collar","lowborn","Bolton","no",1,6,49.66,49.66,"Executed by being fed to his own dogs by Sansa Stark in the kennel at Winterfell"
265,"Locke","male","unknown","boiled leather collar","lowborn","Bolton","no",1,4,29.52,29.52,"Neck broken by Bran Stark who had warged into Hodor in the forest near Craster's Keep"
266,"Brynden Tully","male","unknown","boiled leather collar","highborn","other","no",1,6,48.51,48.51,"Killed while fighting Lannister and Frey soldiers"
267,"Edmure Tully","male","unknown","boiled leather collar","highborn","Stark","yes",0,99999,99999,64.11,""
268,"Olenna Tyrell","female","unknown","silk collar","highborn","Targaryen","yes",1,7,53.44,53.44,"Drank poison provided by Jaime Lannister at Highgarden"
269,"Martyn Lannister","male","unknown","boiled leather collar","highborn","Lannister","no",1,3,20.58,20.58,"Stabbed in the thorax by Rickard Karstark at Riverrun"
270,"Willem Lannister","male","unknown","boiled leather collar","highborn","Lannister","no",1,3,20.58,20.58,"Stabbed to death by Rickard Karstark and his men at Riverrun"
271,"Karl Tanner","male","unknown","boiled leather collar","lowborn","Nights Watch","no",1,4,29.58,29.58,"Impaled through the back of the head with sword by Jon Snow at Craster's Keep"
272,"Little Sam","male","unknown","unknown","lowborn","other","no",0,99999,99999,64.11,""
273,"Greizhen mo Ullhor","male","unknown","silk collar","lowborn","other","no",1,3,20.27,20.27,"Killed by the Unsullied on the orders of Daenerys Targaryen at plaza at Astapor"
274,"Genna ","female","unknown","boiled leather collar","lowborn","other","no",0,99999,99999,64.11,""
275,"Kayla","female","unknown","boiled leather collar","lowborn","other","no",0,99999,99999,64.11,""
276,"Shireen Baratheon","female","unknown","unknown","highborn","other","no",1,5,41.01,41.01,"Burned alive by Melisandre as a sacrifice in field near Winterfell"
277,"Grey Worm","male","unknown","boiled leather collar","lowborn","Targaryen","no",0,99999,99999,64.11,""
278,"Olyvar","male","unknown","boiled leather collar","lowborn","other","no",0,99999,99999,64.11,""
279,"Walder Rivers","male","unknown","boiled leather collar","highborn","Frey","no",1,6,50.39,50.39,"Killed and carved into a pie by Arya Stark at The Twins"
280,"Lothar Frey","male","unknown","boiled leather collar","highborn","Frey","no",1,6,50.39,50.39,"Killed and carved into a pie by Arya Stark at The Twins"
281,"Razdal mo Eraz","male","Other","silk collar","highborn","other","no",1,6,48.9,48.9,"Throat slit with a knife by Grey Worm at the cliffs of Meereen"
282,"Violet","female","unknown","boiled leather collar","lowborn","Bolton","no",1,3,22.78,22.78,"Killed by Ramsay Bolton at Winterfell (not shown)"
283,"Myranda","female","Faith of the Seven","unknown","lowborn","Bolton","no",1,5,41.57,41.57,"Thrown from a rampart by Theon Greyjoy at Winterfell castle grounds"
284,"Steelshanks","male","unknown","boiled leather collar","lowborn","Bolton","no",1,6,49.63,49.63,"Presumed killed prior to or during the Battle of Bastards"
285,"Prendahl na Ghezn","male","unknown","boiled leather collar","lowborn","other","no",1,3,23.54,23.54,"Beheaded by Daario Naharis at Yunkai"
286,"Mero","male","unknown","boiled leather collar","lowborn","other","no",1,3,23.54,23.54,"Beheaded by Daario Naharis at Yunkai"
287,"Daario Naharis","male","unknown","boiled leather collar","lowborn","Targaryen","yes",0,99999,99999,64.11,""
288,"High Septon 2","male","Faith of the Seven","silk collar","lowborn","other","no",0,99999,99999,64.11,""
289,"Walda Frey/Bolton","female","unknown","unknown","lowborn","Bolton","no",1,6,43.5,43.5,"Mauled to death by Ramsay Bolton's hunting dogs in the Winterfell kennel"
290,"Freya Frey","female","unknown","unknown","highborn","Frey","no",0,99999,99999,64.11,""
291,"Derwa Frey","female","unknown","unknown","highborn","Frey","no",0,99999,99999,64.11,""
292,"Janeya Frey ","female","unknown","unknown","highborn","Frey","no",0,99999,99999,64.11,""
293,"Marianne Frey","female","unknown","unknown","highborn","Frey","no",0,99999,99999,64.11,""
294,"Merry Frey","female","unknown","unknown","highborn","Frey","no",0,99999,99999,64.11,""
295,"Neyela Frey","female","unknown","unknown","highborn","Frey","no",0,99999,99999,64.11,""
296,"Sarra Frey","female","unknown","unknown","highborn","Frey","no",0,99999,99999,64.11,""
297,"Shirei Frey","female","unknown","unknown","highborn","Frey","no",0,99999,99999,64.11,""
298,"Waldra Frey","female","unknown","unknown","highborn","Frey","no",0,99999,99999,64.11,""
299,"Roslin Frey","female","unknown","unknown","highborn","Frey","no",0,99999,99999,64.11,""
300,"Oberyn Martell","male","Faith of the Seven","silk collar","highborn","other","no",1,4,31.98,31.98,"Skull crushed by Gregor Clegane in Tyrion's (second) trial by combat in a fighting pit at King's Landing"
301,"Ellaria Sand","female","unknown","unknown","lowborn","other","no",0,99999,99999,64.11,""
302,"Styr","male","Old Gods","boiled leather collar","lowborn","other","no",1,4,32.63,32.63,"Bludgeoned in the head with a forging hammer by Jon Snow at Castle Black"
303,"Thenn warg","male","Old Gods","boiled leather collar","lowborn","other","no",1,4,32.63,32.63,"Shot in the head by Samwell Tarly with a crossbow at Castle Black"
304,"Tansy","female","unknown","boiled leather collar","lowborn","Bolton","no",1,4,26.36,26.36,"Mauled to death by Ramsay Bolton's hunting dogs in the forest near the Dreadfort"
305,"Mace Tyrell","male","unknown","silk collar","highborn","Lannister","no",1,6,49.91,49.91,"Burned alive in a wildfire explosion in the Great Sept of Baelor"
306,"Axell Florent","male","Faith of the Seven","silk collar","highborn","other","no",1,4,26.61,26.61,"Burned at the stake by Melisandre at the beach at Dragonstone"
307,"Sally","female","Faith of the Seven","unknown","lowborn","unknown","no",1,7,51.34,51.34,"Throat slit by her father to avoid starvation at a farm house (mercy killing)"
308,"Farmer (Sally's Father)","male","Faith of the Seven","boiled leather collar","lowborn","other","no",1,7,51.34,51.34,"Suicide with a knife, throat slit, at farm house"
309,"Mole's town whore","female","unknown","boiled leather collar","lowborn","unknown","no",1,4,31.24,31.24,"Stabbed in the thorax with a spear by Ygritte inside a brothel in Mole's Town"
310,"Mole's town madam","female","unknown","boiled leather collar","lowborn","unknown","no",1,4,31.95,31.95,"Killed during the sacking of Mole's Town"
311,"Guymon","male","unknown","boiled leather collar","lowborn","unknown","no",1,4,27.8,27.8,"Shot in the back/head with an arrow by Ygritte home on the farm"
312,"Olly","male","unknown","boiled leather collar","lowborn","Nights Watch","no",1,6,44.56,44.56,"Excuted by hanging by Jon Snow at Castle Black"
313,"Othell Yarwyck","male","unknown","boiled leather collar","lowborn","Nights Watch","no",1,6,44.56,44.56,"Excuted by hanging by Jon Snow at Castle Black"
314,"Great master 2","male","unknown","silk collar","highborn","other","no",1,4,28.8,28.8,"Crucified on the orders of Daenerys Targaryen in the streets of Meereen"
315,"Hizdahr zo Loraq","male","Other","silk collar","highborn","Targaryen","yes",1,5,41.2,41.2,"Stabbed repeatedly in the chest by the Sons of the Harpy in the figthing pit in Meereen"
316,"Oznak zo Pahl","male","unknown","boiled leather collar","lowborn","other","no",1,4,27.96,27.96,"Slashed in the neck by Daario Naharis at the gates of Meereen"
317,"Great master 3","male","unknown","silk collar","highborn","other","no",0,99999,99999,64.11,""
318,"Great master 1","male","unknown","silk collar","highborn","other","no",1,4,28.09,28.09,"Stabbed to death by uprising slaves in the streets of Meereen"
319,"Sissy","female","Other","unknown","lowborn","other","no",0,99999,99999,64.11,""
320,"Morag","female","Other","unknown","lowborn","other","no",0,99999,99999,64.11,""
321,"Donnel Waynwood","male","unknown","boiled leather collar","highborn","other","no",0,99999,99999,64.11,""
322,"Tycho Nestoris","male","unknown","silk collar","lowborn","other","no",0,99999,99999,64.11,""
323,"Lhara","female","unknown","boiled leather collar","lowborn","unknown","no",0,99999,99999,64.11,""
324,"Goatherd","male","unknown","boiled leather collar","lowborn","unknown","no",0,99999,99999,64.11,""
325,"Goatherd's son","male","unknown","boiled leather collar","lowborn","unknown","no",0,99999,99999,64.11,""
326,"Adrack Humble","male","Drowned God","boiled leather collar","lowborn","Greyjoy","no",1,4,31.44,31.44,"Flayed alive by Ramsay Bolton at Moat Cailin"
327,"Ralf Kenning","male","Drowned God","boiled leather collar","lowborn","Greyjoy","no",1,4,31.43,31.43,"Bludgeoned with an axe to the skull by Adrack Humble at Moat Cailin"
328,"Vance Corbray","male","unknown","boiled leather collar","highborn","other","no",0,99999,99999,64.11,""
329,"Yohn Royce","male","unknown","silk collar","highborn","Stark","no",0,99999,99999,64.11,""
330,"Anya Waynwood","female","unknown","silk collar","highborn","other","no",0,99999,99999,64.11,""
331,"Cooper","male","unknown","boiled leather collar","lowborn","Nights Watch","no",1,4,32.72,32.72,"Killed by wildling giant in Castle Black tunnel"
332,"Donnel Hill","male","unknown","boiled leather collar","highborn","Nights Watch","no",1,4,32.72,32.72,"Killed by wildling giant in Castle Black tunnel"
333,"Fennesz","male","unknown","boiled leather collar","lowborn","other","no",0,99999,99999,64.11,""
334,"Three-Eyed Raven","male","Old Gods","boiled leather collar","lowborn","other","no",1,6,46.27,46.27,"Slain in half by the Night King in a cave beyond The Wall"
335,"Ternesio Terys","male","unknown","boiled leather collar","lowborn","unknown","no",0,99999,99999,64.11,""
336,"White Rat","male","unknown","boiled leather collar","lowborn","Targaryen","no",1,5,33.97,33.97,"Throat slit by a Sons of the Harpy assassin inside a brothel in Meereen"
337,"Vala","female","unknown","boiled leather collar","lowborn","other","no",0,99999,99999,64.11,""
338,"Mossador","male","unknown","boiled leather collar","lowborn","Targaryen","yes",1,5,35.33,35.33,"Beheaded by Daario Naharis in public square in Meereen"
339,"Samwell Stone","male","unknown","boiled leather collar","lowborn","other","no",0,99999,99999,64.11,""
340,"Helliweg","male","unknown","silk collar","lowborn","other","no",0,99999,99999,64.11,""
341,"Bowen Marsh","male","unknown","boiled leather collar","lowborn","Nights Watch","no",1,6,44.56,44.56,"Executed by hanging by Jon Snow for treason at Castle Black"
342,"Lollys Stokeworth","female","unknown","unknown","highborn","other","no",0,99999,99999,64.11,""
343,"Trystane Martell","male","unknown","silk collar","highborn","other","no",1,6,42.65,42.65,"Stabbed through the back of the head with a spear by Obara Sand inside ship's cabin at Blackwater Bay"
344,"Areo Hotah","male","unknown","boiled leather collar","lowborn","other","no",1,6,42.62,42.62,"Stabbed in the back with a dagger by Tyene Sand at Water Gardens castle grounds"
345,"Doran Martell","male","unknown","silk collar","highborn","other","no",1,6,42.64,42.64,"Stabbed in the chest with a dagger by Ellaria Sand at Water Gardens castle grounds"
346,"Son of the Harpy","male","unknown","boiled leather collar","lowborn","other","no",1,5,35.25,35.25,"Knives in the chest, murdered by Mossodor whilst being a prisoner in Meereen"
347,"Denys Mallister","male","unknown","boiled leather collar","lowborn","Nights Watch","no",0,99999,99999,64.11,""
348,"Waif","female","Many Face God","boiled leather collar","lowborn","other","no",1,6,48.74,48.74,"Stabbed by Ayra Stark in a room in Braavos"
349,"High Sparrow","male","Faith of the Seven","silk collar","lowborn","other","no",1,6,49.91,49.91,"Burned alive in a wildfire explosion in the Great Sept of Baelor"
350,"Red Priestess 1","female","Lord of Light","silk collar","lowborn","unknown","no",0,99999,99999,64.11,""
351,"Clea","female","unknown","boiled leather collar","lowborn","unknown","no",0,99999,99999,64.11,""
352,"Obara Sand","female","unknown","boiled leather collar","lowborn","other","no",1,7,52.42,52.42,"Stabbed in the torso with a spear on deck of ship in the Narrow Sea"
353,"Nymeria Sand","female","unknown","boiled leather collar","lowborn","other","no",1,7,52.43,52.43,"Strangled with her own whip by Euron Greyjoy on deck of ship in the Narrow Sea"
354,"Tyene Sand","female","unknown","boiled leather collar","lowborn","other","no",1,7,52.91,52.91,"Poisoned with the Long Farewell by Cersei Lannister in the dungeon at King's Landing"
355,"Joss","male","Many Face God","boiled leather collar","lowborn","unknown","no",0,99999,99999,64.11,""
356,"Ghita","female","Many Face God","unknown","lowborn","unknown","no",1,5,38.11,38.11,"Poisoned at the House of Black and White (Many-Faced God) in Braavos"
357,"Malko","male","unknown","boiled leather collar","lowborn","unknown","no",0,99999,99999,64.11,""
358,"Brant ","male","unknown","boiled leather collar","lowborn","Nights Watch","no",0,99999,99999,64.11,""
359,"Derek","male","unknown","boiled leather collar","lowborn","Nights Watch","no",0,99999,99999,64.11,""
360,"Yezzan zo Qaggaz","male","unknown","silk collar","lowborn","other","no",0,99999,99999,64.11,""
361,"Unella","female","Faith of the Seven","silk collar","lowborn","other","no",0,99999,99999,64.11,""
362,"Thin man","male","unknown","silk collar","lowborn","unknown","no",0,99999,99999,64.11,""
363,"Karsi","female","Old Gods","boiled leather collar","lowborn","other","no",1,5,40.44,40.44,"Ravaged by pack of wight children at Hardhome"
364,"Loboda","male","Old Gods","boiled leather collar","lowborn","other","no",1,5,40.39,40.39,"Stabbed through the torso with a spear by a white walker inside a hut at Hardhome"
365,"Dim Dalba","male","Old Gods","boiled leather collar","lowborn","other","no",1,6,49.63,49.63,"Presumed killed in the Battle of Bastards in a field near Winterfell"
366,"Johnna","female","Old Gods","unknown","lowborn","unknown","no",0,99999,99999,64.11,""
367,"Willa","female","Old Gods","unknown","lowborn","unknown","no",0,99999,99999,64.11,""
368,"Brusco","male","unknown","boiled leather collar","lowborn","unknown","no",0,99999,99999,64.11,""
369,"Brea","female","unknown","boiled leather collar","lowborn","unknown","no",0,99999,99999,64.11,""
370,"Aya","female","unknown","boiled leather collar","lowborn","unknown","no",0,99999,99999,64.11,""
371,"Anara","female","unknown","boiled leather collar","lowborn","unknown","no",0,99999,99999,64.11,""
372,"Simpson","male","unknown","boiled leather collar","lowborn","Bolton","no",1,5,41.5,41.5,"Stabbed in the neck with a dagger by Stannis Baratheon in the forest near Winterfell"
373,"Gordy","male","unknown","boiled leather collar","lowborn","Bolton","no",1,5,41.5,41.5,"Stabbed in stomach with a sword by Stannis Baratheon in the forest near Winterfell"
374,"Scolera","female","Faith of the Seven","silk collar","lowborn","other","no",1,6,49.91,49.91,"Burned alive in a wildfire explosion in the Great Sept of Baelor"
375,"Moelle","female","Faith of the Seven","silk collar","lowborn","other","no",1,6,49.91,49.91,"Burned alive in a wildfire explosion in the Great Sept of Baelor"
376,"Maester Wolkan","male","unknown","silk collar","lowborn","Stark","no",0,99999,99999,64.11,""
377,"Caleotte","male","unknown","silk collar","lowborn","other","no",1,6,42.62,42.62,"Dagger thrown into the neck at Water Gardens castle grounds"
378,"Zanrush","male","Lord of Light","silk collar","lowborn","other","no",0,99999,99999,64.11,""
379,"Aggo 2","male","Great Stallion","boiled leather collar","lowborn","other","no",1,6,44.95,44.95,"Stabbed in the back with a knife by Daario Naharis, then bludgeoned to death with a rock in the city streets of Vaes Dothrak"
380,"Qhono","male","Great Stallion","boiled leather collar","lowborn","Targaryen","no",1,8,60.06,60.06,"Killed by during the Battle of Winterfell"
381,"Moro","male","Great Stallion","boiled leather collar","lowborn","other","no",1,6,45.44,45.44,"Burnt to death inside a Dothraki temple in a fire started by Daenerys Targaryen"
382,"Moro's wife 1","female","Great Stallion","boiled leather collar","lowborn","other","no",0,99999,99999,64.11,""
383,"Moro's wife 2","female","Great Stallion","boiled leather collar","lowborn","other","no",0,99999,99999,64.11,""
384,"Harald Karstark","male","Old Gods","silk collar","highborn","Bolton","yes",1,6,49.66,49.66,"Killed during the Battle of the Bastards"
385,"Euron Greyjoy","male","unknown","silk collar","highborn","Lannister","yes",1,8,62.49,62.49,"Stabbed in the abdomen by Jaime Lannister during the Battle of King's Landing"
386,"Aeron Greyjoy","male","Drowned God","unknown","highborn","Greyjoy","no",0,99999,99999,64.11,""
387,"High Priestess of the Dosh Khaleen","female","Great Stallion","silk collar","lowborn","other","no",0,99999,99999,64.11,""
388,"Ornela","female","Great Stallion","boiled leather collar","lowborn","Targaryen","yes",0,99999,99999,64.11,""
389,"Frances","female","unknown","boiled leather collar","lowborn","other","yes",0,99999,99999,64.11,""
390,"Arthur","male","unknown","boiled leather collar","lowborn","other","no",0,99999,99999,64.11,""
391,"Small Jon Umber","male","Old Gods","silk collar","highborn","Bolton","yes",1,6,49.51,49.51,"Bitten in the jugular vein then stabbed in the neck and chest by Tormund Giantsbane in a field near Winterfell"
392,"Belicho Paenymion","male","unknown","silk collar","highborn","other","no",1,6,48.9,48.9,"Throat slit with a knife by Grey Worm at the cliffs of Meereen"
393,"Ash","male","unknown","boiled leather collar","lowborn","unknown","yes",0,99999,99999,64.11,""
394,"Kesh","male","unknown","boiled leather collar","lowborn","unknown","yes",0,99999,99999,64.11,""
395,"Iggo","male","Great Stallion","boiled leather collar","lowborn","unknown","no",1,6,44.94,44.94,"Neck broken by Daario Naharis in the city streets of Vaes Dothrak"
396,"Forzho","male","unknown","boiled leather collar","lowborn","other","no",1,6,45.45,45.45,"Burnt to death inside a Dothraki temple in a fire started by Daenerys Targaryen"
397,"Brozho","male","Great Stallion","boiled leather collar","lowborn","other","no",1,6,45.45,45.45,"Burnt to death inside a Dothraki temple in a fire started by Daenerys Targaryen"
398,"Qorro","male","Great Stallion","boiled leather collar","lowborn","other","no",1,6,45.45,45.45,"Burnt to death inside a Dothraki temple in a fire started by Daenerys Targaryen"
399,"Rhalko","male","Great Stallion","boiled leather collar","lowborn","other","no",1,6,45.45,45.45,"Burnt to death inside a Dothraki temple in a fire started by Daenerys Targaryen"
400,"Izembaro","male","unknown","boiled leather collar","lowborn","unknown","no",0,99999,99999,64.11,""
401,"Clarenzo","male","unknown","boiled leather collar","lowborn","other","no",0,99999,99999,64.11,""
402,"Crane","female","unknown","boiled leather collar","lowborn","unknown","no",1,6,48.65,48.65,"Throat slit by the Waif over a chair in her own house in Braavos"
403,"Bobono","male","unknown","boiled leather collar","lowborn","other","no",0,99999,99999,64.11,""
404,"Camello","male","unknown","boiled leather collar","lowborn","other","no",0,99999,99999,64.11,""
405,"Bianca","female","unknown","boiled leather collar","lowborn","other","no",0,99999,99999,64.11,""
406,"Kinvara","female","Lord of Light","silk collar","lowborn","Targaryen","no",0,99999,99999,64.11,""
407,"Talla Tarly","female","unknown","unknown","highborn","other","no",0,99999,99999,64.11,""
408,"Melessa Tarly","female","unknown","silk collar","highborn","other","no",0,99999,99999,64.11,""
409,"Dickon Tarly","male","Faith of the Seven","boiled leather collar","highborn","Lannister","no",1,7,54.3,54.3,"Burnt to death by dragon fire after the Battle of the Gold Road"
410,"Randyll Tarly","male","Faith of the Seven","silk collar","highborn","Lannister","yes",1,7,54.3,54.3,"Burnt to death by dragon fire after the Battle of the Gold Road"
411,"Kitty Frey","female","Faith of the Seven","unknown","highborn","Frey","no",0,99999,99999,64.11,""
412,"Ray","male","Faith of the Seven","silk collar","lowborn","other","no",1,6,47.87,47.87,"Hanged by members of the Brotherhood Without Banners in a field in the Riverlands"
413,"Lyanna Mormont","female","Old Gods","silk collar","highborn","Stark","no",1,8,59.76,59.76,"Crushed by a wight giant during the Battle of Winterfell"
414,"Robett Glover","male","unknown","silk collar","highborn","Stark","no",0,99999,99999,64.11,""
415,"Morgan","male","Lord of Light","boiled leather collar","lowborn","other","no",1,6,47.99,47.99,"Throat slit with an axe by Sandor Clegane on a road in a forest in the Riverlands"
416,"Gatins","male","Lord of Light","boiled leather collar","lowborn","other","no",1,6,48,48,"Axe in the groin then in the head by Sandor Clegane on a road in a forest in the Riverlands"
417,"Lem","male","Lord of Light","boiled leather collar","lowborn","other","no",1,6,48.6,48.6,"Hanged by Sandor Clegane on a road in a forest in the Riverlands"
418,"Steve","male","unknown","boiled leather collar","lowborn","other","no",1,6,47.99,47.99,"Decapitated with an axe by Sandor Clegane on a road in a forest in the Riverlands"
419,"Riddell","male","unknown","boiled leather collar","lowborn","other","no",1,6,47.99,47.99,"Stabbed in the chest with an axe by Sandor Clegane on a road in a forest in the Riverlands"
420,"Red Priestess 2","female","Lord of Light","silk collar","lowborn","other","no",0,99999,99999,64.11,""
421,"Citadel maester","male","unknown","silk collar","lowborn","other","no",0,99999,99999,64.11,""
422,"Wyman Manderly","male","Faith of the Seven","silk collar","highborn","Stark","no",0,99999,99999,64.11,""
423,"Cley Cerwyn","male","Old Gods","silk collar","highborn","Stark","no",0,99999,99999,64.11,""
424,"Alys Karstark","female","Old Gods","silk collar","highborn","Stark","no",0,99999,99999,64.11,""
425,"Ned Umber","male","Old Gods","silk collar","highborn","Stark","yes",1,8,58.17,58.17,"Killed by the Army of the Dead at Last Hearth"
426,"Ebrose","male","unknown","silk collar","lowborn","other","no",0,99999,99999,64.11,""
427,"Harrag","male","unknown","boiled leather collar","lowborn","Greyjoy","no",0,99999,99999,64.11,""
428,"Henk","male","unknown","boiled leather collar","lowborn","Stark","no",0,99999,99999,64.11,""
429,"Koner","male","unknown","boiled leather collar","lowborn","Stark","no",0,99999,99999,64.11,""
430,"Harry Strickland","male","unknown","boiled leather collar","lowborn","Lannister","no",1,8,62.19,62.19,"Skewered in the back with a spear by Grey Worm during the Battle of King's Landing"
431,"Craya","female","unknown","boiled leather collar","lowborn","unknown","no",0,99999,99999,64.11,""
432,"Dirah","female","unknown","boiled leather collar","lowborn","unknown","no",0,99999,99999,64.11,""
433,"Fergus","male","unknown","boiled leather collar","lowborn","Stark","no",0,99999,99999,64.11,""
434,"Fergus' Friend","male","unknown","boiled leather collar","lowborn","Stark","no",0,99999,99999,64.11,""
435,"Woman with Elderly Parents","female","unknown","unknown","lowborn","Stark","no",0,99999,99999,64.11,""
436,"Teela","female","unknown","unknown","lowborn","Stark","no",0,99999,99999,64.11,""
437,"Martha","female","unknown","boiled leather collar","lowborn","other","no",0,99999,99999,64.11,""
438,"Winterfell girl","female","unknown","unknown","lowborn","Stark","no",0,99999,99999,64.11,""
439,"Willa","female","unknown","unknown","lowborn","Stark","no",0,99999,99999,64.11,""
440,"Sarra","female","unknown","unknown","lowborn","Stark","no",0,99999,99999,64.11,""
441,"Nora","female","unknown","unknown","lowborn","Lannister","no",1,8,62.76,62.76,"Burned alive by Drogon during the Battle of King's Landing"
442,"Nora's Daughter","female","unknown","unknown","lowborn","Lannister","no",1,8,62.76,62.76,"Burned alive by Drogon during the Battle of King's Landing"
443,"Northern Sentry","male","unknown","boiled leather collar","lowborn","Stark","no",0,99999,99999,64.11,""
444,"Unsullied Sentry","male","unknown","boiled leather collar","lowborn","Targaryen","no",0,99999,99999,64.11,""
445,"Lannister Solider (Scorpion Command)","male","unknown","boiled leather collar","lowborn","Lannister","no",1,8,62.16,62.16,"Burned alive by Drogon during the Battle of King's Landing"
446,"Lannister Soldier (Captain)","male","unknown","boiled leather collar","lowborn","Lannister","no",1,8,62.34,62.34,"Spear in chest by Grey Worm during the Battle of King's Landing"
447,"Lannister Soldier","male","unknown","boiled leather collar","lowborn","Lannister","no",1,8,62.34,62.34,"Stabbed by Stark soldiers during the Battle of King's Landing"
448,"King's Landing Citizen ","female","unknown","unknown","lowborn","Lannister","no",1,8,62.38,62.38,"Throat slit by Stark soldier during the Battle of King's Landing"
449,"King's Landing Citizen (Boy)","male","unknown","unknown","lowborn","Lannister","no",0,99999,99999,64.11,""
450,"Rapist","male","unknown","boiled leather collar","lowborn","Stark","no",1,8,62.4,62.4,"Stabbed in abdomen by Jon Snow during the Battle of King's Landing"
451,"Crying Man","male","unknown","boiled leather collar","lowborn","Stark","no",0,99999,99999,64.11,""
452,"Lannister Soldier","male","unknown","boiled leather collar","lowborn","Lannister","no",0,99999,99999,64.11,""
453,"Unnamed Lord 1","male","unknown","silk collar","highborn","Stark","no",0,99999,99999,64.11,""
454,"Lord Une","male","unknown","silk collar","highborn","Stark","no",0,99999,99999,64.11,""
455,"Unnamed Northern Lord","male","unknown","silk collar","highborn","Stark","no",0,99999,99999,64.11,""
456,"Prince of Dorne","male","unknown","silk collar","highborn","Stark","no",0,99999,99999,64.11,""
457,"Unnamed Lord 2","male","unknown","silk collar","highborn","Stark","no",0,99999,99999,64.11,""
458,"Unsullied Lieutenant/Captain","male","unknown","boiled leather collar","lowborn","Targaryen","no",0,99999,99999,64.11,""
